group,artifact,version,declared license
ch.qos.logback.contrib,logback-jackson,0.1.5,unknown/not embedded
ch.qos.logback.contrib,logback-json-classic,0.1.5,unknown/not embedded
ch.qos.logback.contrib,logback-json-core,0.1.5,unknown/not embedded
ch.qos.logback,logback-classic,1.5.37,unknown/not embedded
ch.qos.logback,logback-core,1.5.37,unknown/not embedded
co.elastic.logging,ecs-logging-core,1.8.0,unknown/not embedded
co.elastic.logging,logback-ecs-encoder,1.8.0,unknown/not embedded
com.cronutils,cron-utils,9.2.1,Apache 2.0
com.devskiller.friendly-id,friendly-id,1.1.0,unknown/not embedded
com.ethlo.time,itu,1.14.0,"Apache License, Version 2.0"
com.fasterxml.jackson.core,jackson-annotations,2.22,"The Apache Software License, Version 2.0"
com.fasterxml.jackson.core,jackson-core,2.22.1,"The Apache Software License, Version 2.0"
com.fasterxml.jackson.core,jackson-databind,2.22.1,"The Apache Software License, Version 2.0"
com.fasterxml.jackson.dataformat,jackson-dataformat-ion,2.22.1,"The Apache Software License, Version 2.0"
com.fasterxml.jackson.dataformat,jackson-dataformat-xml,2.22.1,unknown/not embedded
com.fasterxml.jackson.dataformat,jackson-dataformat-yaml,2.22.1,unknown/not embedded
com.fasterxml.jackson.datatype,jackson-datatype-guava,2.22.1,"The Apache Software License, Version 2.0"
com.fasterxml.jackson.datatype,jackson-datatype-jdk8,2.22.1,unknown/not embedded
com.fasterxml.jackson.datatype,jackson-datatype-jsr310,2.22.1,unknown/not embedded
com.fasterxml.jackson.module,jackson-module-parameter-names,2.22.1,unknown/not embedded
com.fasterxml.uuid,java-uuid-generator,5.2.0,"The Apache Software License, Version 2.0"
com.fasterxml.woodstox,woodstox-core,7.2.0,"The Apache License, Version 2.0"
com.fasterxml,classmate,1.7.0,"Apache License, Version 2.0"
com.github.docker-java,docker-java-api,3.7.1,unknown/not embedded
com.github.docker-java,docker-java-core,3.7.1,unknown/not embedded
com.github.docker-java,docker-java-transport-httpclient5,3.7.1,unknown/not embedded
com.github.docker-java,docker-java-transport,3.7.1,unknown/not embedded
com.github.docker-java,docker-java,3.7.1,unknown/not embedded
com.github.javaparser,javaparser-core,3.27.0,"GNU Lesser General Public License; Apache License, Version 2.0"
com.github.javaparser,javaparser-symbol-solver-core,3.27.0,"GNU Lesser General Public License; Apache License, Version 2.0"
com.github.ksuid,ksuid,1.1.4,MIT
com.github.oshi,oshi-common,7.5.0,unknown/not embedded
com.github.oshi,oshi-core,7.5.0,unknown/not embedded
com.github.victools,jsonschema-generator,4.38.0,unknown/not embedded
com.github.victools,jsonschema-module-jackson,4.38.0,unknown/not embedded
com.github.victools,jsonschema-module-jakarta-validation,4.38.0,unknown/not embedded
com.github.victools,jsonschema-module-swagger-2,4.38.0,unknown/not embedded
com.google.android,annotations,4.1.1.4,Apache 2.0
com.google.api.grpc,proto-google-common-protos,2.74.0,Apache-2.0
com.google.code.findbugs,jsr305,3.0.2,"The Apache Software License, Version 2.0"
com.google.code.gson,gson,2.14.0,Apache-2.0
com.google.errorprone,error_prone_annotations,2.50.0,Apache 2.0
com.google.guava,failureaccess,1.0.3,unknown/not embedded
com.google.guava,guava,33.7.1-jre,unknown/not embedded
com.google.guava,listenablefuture,9999.0-empty-to-avoid-conflict-with-guava,unknown/not embedded
com.google.j2objc,j2objc-annotations,3.1,"Apache License, Version 2.0"
com.networknt,json-schema-validator,3.0.6,Apache License Version 2.0
com.posthog.java,posthog,1.2.0,MIT License
com.sun.istack,istack-commons-runtime,4.1.2,unknown/not embedded
com.sun.xml.bind.jaxb,isorelax,20090621,unknown/not embedded
com.zaxxer,HikariCP,6.3.3,"The Apache Software License, Version 2.0"
commons-codec,commons-codec,1.19.0,unknown/not embedded
commons-io,commons-io,2.22.0,unknown/not embedded
de.focus-shift,jollyday-core,2.19.0,unknown/not embedded
de.focus-shift,jollyday-jaxb,2.19.0,unknown/not embedded
dev.failsafe,failsafe,3.3.2,unknown/not embedded
dev.langchain4j,langchain4j-core,1.18.1,"The Apache Software License, Version 2.0"
dev.langchain4j,langchain4j-google-ai-gemini,1.18.1,"The Apache Software License, Version 2.0"
dev.langchain4j,langchain4j-http-client-jdk,1.18.1,"The Apache Software License, Version 2.0"
dev.langchain4j,langchain4j-http-client,1.18.1,"The Apache Software License, Version 2.0"
dev.langchain4j,langchain4j-mcp,1.18.1-beta28,"The Apache Software License, Version 2.0"
dev.langchain4j,langchain4j,1.18.1,"The Apache Software License, Version 2.0"
io.modelcontextprotocol.sdk,mcp-core,1.1.3,MIT License
io.modelcontextprotocol.sdk,mcp-json-jackson3,1.1.3,MIT License
io.modelcontextprotocol.sdk,mcp,1.1.3,MIT License
io.netty.contrib,netty-codec-multipart-core,1.0.0.Final,unknown/not embedded
io.netty.contrib,netty-codec-multipart-vintage,1.0.0.Final,unknown/not embedded
io.netty,netty-buffer,4.2.18.Final,unknown/not embedded
io.netty,netty-codec-base,4.2.18.Final,unknown/not embedded
io.netty,netty-codec-compression,4.2.18.Final,unknown/not embedded
io.netty,netty-codec-http,4.2.18.Final,unknown/not embedded
io.netty,netty-codec-http2,4.2.18.Final,unknown/not embedded
io.netty,netty-codec-marshalling,4.2.18.Final,unknown/not embedded
io.netty,netty-codec-protobuf,4.2.18.Final,unknown/not embedded
io.netty,netty-codec-socks,4.2.18.Final,unknown/not embedded
io.netty,netty-codec,4.2.18.Final,unknown/not embedded
io.netty,netty-common,4.2.18.Final,unknown/not embedded
io.netty,netty-handler-proxy,4.2.18.Final,unknown/not embedded
io.netty,netty-handler,4.2.18.Final,unknown/not embedded
io.netty,netty-resolver,4.2.18.Final,unknown/not embedded
io.netty,netty-transport-native-unix-common,4.2.18.Final,unknown/not embedded
io.netty,netty-transport,4.2.18.Final,unknown/not embedded
io.pebbletemplates,pebble,4.1.2,unknown/not embedded
io.prometheus,prometheus-metrics-config,1.3.10,unknown/not embedded
io.prometheus,prometheus-metrics-core,1.3.10,unknown/not embedded
io.prometheus,prometheus-metrics-exposition-formats,1.3.10,unknown/not embedded
io.prometheus,prometheus-metrics-exposition-textformats,1.3.10,unknown/not embedded
io.prometheus,prometheus-metrics-model,1.3.10,unknown/not embedded
io.prometheus,prometheus-metrics-tracer-common,1.3.10,unknown/not embedded
io.r2dbc,r2dbc-spi,1.0.0.RELEASE,Apache License 2.0
io.swagger.core.v3,swagger-annotations,2.2.46,unknown/not embedded
jakarta.activation,jakarta.activation-api,2.1.4,EDL 1.0
jakarta.annotation,jakarta.annotation-api,3.0.0,EPL 2.0; GPL2 w/ CPE
jakarta.inject,jakarta.inject-api,2.0.1,"The Apache Software License, Version 2.0"
jakarta.persistence,jakarta.persistence-api,3.1.0,Eclipse Public License v. 2.0; Eclipse Distribution License v. 1.0
jakarta.transaction,jakarta.transaction-api,2.0.1,EPL 2.0; GPL2 w/ CPE
jakarta.validation,jakarta.validation-api,3.1.1,Apache License 2.0
jakarta.xml.bind,jakarta.xml.bind-api,4.0.5,unknown/not embedded
net.java.dev.msv,xsdlib,2022.7,BSD
net.thisptr,jackson-jq,1.6.2,unknown/not embedded
nl.basjes.gitignore,gitignore-reader,2.0.0,"Apache License, Version 2.0"
org.apache.commons,commons-compress,1.28.0,unknown/not embedded
org.apache.commons,commons-lang3,3.20.0,unknown/not embedded
org.apache.httpcomponents.client5,httpclient5,5.6.4,unknown/not embedded
org.apache.httpcomponents.core5,httpcore5-h2,5.4.3,unknown/not embedded
org.apache.httpcomponents.core5,httpcore5,5.4.3,unknown/not embedded
org.apache.httpcomponents,httpclient,4.5.14,unknown/not embedded
org.apache.httpcomponents,httpcore,4.4.16,unknown/not embedded
org.apache.logging.log4j,log4j-api,2.26.1,Apache-2.0
org.apache.logging.log4j,log4j-to-slf4j,2.26.1,Apache-2.0
org.apache.maven.resolver,maven-resolver-api,2.0.10,unknown/not embedded
org.apache.maven.resolver,maven-resolver-connector-basic,2.0.10,unknown/not embedded
org.apache.maven.resolver,maven-resolver-impl,2.0.10,unknown/not embedded
org.apache.maven.resolver,maven-resolver-named-locks,2.0.10,unknown/not embedded
org.apache.maven.resolver,maven-resolver-spi,2.0.10,unknown/not embedded
org.apache.maven.resolver,maven-resolver-supplier-mvn3,2.0.10,unknown/not embedded
org.apache.maven.resolver,maven-resolver-transport-apache,2.0.10,unknown/not embedded
org.apache.maven.resolver,maven-resolver-transport-file,2.0.10,unknown/not embedded
org.apache.maven.resolver,maven-resolver-util,2.0.10,unknown/not embedded
org.apache.maven,maven-artifact,3.9.10,unknown/not embedded
org.apache.maven,maven-builder-support,3.9.10,unknown/not embedded
org.apache.maven,maven-model-builder,3.9.10,unknown/not embedded
org.apache.maven,maven-model,3.9.10,unknown/not embedded
org.apache.maven,maven-repository-metadata,3.9.10,unknown/not embedded
org.apache.maven,maven-resolver-provider,3.9.10,unknown/not embedded
org.apache.opennlp,opennlp-tools,2.5.9,unknown/not embedded
org.awaitility,awaitility,4.3.0,unknown/not embedded
org.codehaus.janino,commons-compiler,3.1.12,unknown/not embedded
org.codehaus.janino,janino,3.1.12,unknown/not embedded
org.codehaus.mojo,animal-sniffer-annotations,1.27,unknown/not embedded
org.codehaus.plexus,plexus-interpolation,1.28,unknown/not embedded
org.codehaus.plexus,plexus-utils,4.1.0,Apache-2.0
org.codehaus.plexus,plexus-xml,3.0.1,unknown/not embedded
org.codehaus.woodstox,stax2-api,4.3.0,The BSD 2-Clause License
org.eclipse.angus,angus-activation,2.0.3,unknown/not embedded
org.fusesource.jansi,jansi,2.4.3,"Apache License, Version 2.0"
org.glassfish.jaxb,jaxb-core,4.0.9,unknown/not embedded
org.glassfish.jaxb,jaxb-runtime,4.0.9,unknown/not embedded
org.glassfish.jaxb,txw2,4.0.9,unknown/not embedded
org.hdrhistogram,HdrHistogram,2.2.2,"Public Domain, per Creative Commons CC0; BSD-2-Clause"
org.hibernate.validator,hibernate-validator,8.0.2.Final,unknown/not embedded
org.jboss.logging,jboss-logging,3.4.3.Final,"Apache License, version 2.0"
org.jctools,jctools-core-jdk11,4.0.7,"Apache License, Version 2.0"
org.jctools,jctools-core,4.0.5,"Apache License, Version 2.0"
org.jetbrains,annotations,13.0,"The Apache Software License, Version 2.0"
org.jooq,jooq,3.21.7,"Apache License, Version 2.0"
org.jruby.jcodings,jcodings,1.0.63,MIT License
org.jruby.joni,joni,2.2.6,MIT License
org.json,json,20231013,Public Domain
org.latencyutils,LatencyUtils,2.0.3,"Public Domain, per Creative Commons CC0"
org.slf4j,jcl-over-slf4j,2.0.18,Apache-2.0
org.slf4j,jul-to-slf4j,2.0.18,unknown/not embedded
org.slf4j,slf4j-api,2.0.18,unknown/not embedded
org.snakeyaml,snakeyaml-engine,3.0.1,"Apache License, Version 2.0"
org.threeten,threeten-extra,1.10.0,BSD 3-clause
org.yaml,snakeyaml,2.5,"Apache License, Version 2.0"
tools.jackson.core,jackson-core,3.1.4,"The Apache Software License, Version 2.0"
tools.jackson.core,jackson-databind,3.1.4,"The Apache Software License, Version 2.0"
tools.jackson.dataformat,jackson-dataformat-yaml,3.1.4,"The Apache Software License, Version 2.0"
